IP,COUNTRY,CITY,ORG

195.87.113.9,Turkey,Istanbul,Vodafone Net Iletisim Hizmetleri A.S.

195.2.26.253,United Kingdom,England,Cable & Wireless Austria

72.14.208.246,United States,California,Google LLC

195.2.18.210,France,ÃŽle-de-France,CW Cwintern

108.170.250.179,United States,California,Google LLC

216.239.59.239,United States,California,Google LLC

142.251.246.73,United States,California,Google LLC

172.253.79.190,United States,California,Google LLC

108.170.236.120,United States,California,Google LLC

216.239.42.212,United States,California,Google LLC

142.250.179.206,Netherlands,North Holland,Google LLC

142.250.179.206,Netherlands,North Holland,Google LLC

142.250.179.206,Netherlands,North Holland,Google LLC

108.170.241.161,United States,California,Google LLC

142.250.179.206,Netherlands,North Holland,Google LLC

142.250.179.206,Netherlands,North Holland,Google LLC

142.251.48.179,United States,California,Google LLC

142.250.179.206,Netherlands,North Holland,Google LLC

142.250.179.206,Netherlands,North Holland,Google LLC

142.250.179.206,Netherlands,North Holland,Google LLC

142.250.179.206,Netherlands,North Holland,Google LLC

142.250.179.206,Netherlands,North Holland,Google LLC

142.250.179.206,Netherlands,North Holland,Google LLC
